{"cameraMode":{"drawMode":0,"name":"Shaded","section":"Shading Mode"},"sceneLighting":true,"audioPlay":false,"sceneViewState":{"m_AlwaysRefresh":false,"showFog":true,"showSkybox":true,"showFlares":true,"showImageEffects":true,"showParticleSystems":true,"showVisualEffectGraphs":true,"m_FxEnabled":true},"in2DMode":false,"pivot":{"x":96.07040405273438,"y":25.028438568115236,"z":36.496402740478519},"rotation":{"x":-0.5207687616348267,"y":-0.08498590439558029,"z":0.05220012366771698,"w":-0.8478538990020752},"size":165.30564880371095,"orthographic":false}